{
    "results": [{
        "vote_count": 820,
        "id": 429617,
        "video": false,
        "vote_average": 7.8,
        "title": "Spider-Man: Far from Home",
        "popularity": 615.274,
        "poster_path": "\/rjbNpRMoVvqHmhmksbokcyCr7wn.jpg",
        "original_language": "en",
        "original_title": "Spider-Man: Far from Home",
        "genre_ids": [28, 12, 878],
        "backdrop_path": "\/dihW2yTsvQlust7mSuAqJDtqW7k.jpg",
        "adult": false,
        "overview": "Peter Parker and his friends go on a summer trip to Europe. However, they will hardly be able to rest - Peter will have to agree to help Nick Fury uncover the mystery of creatures that cause natural disasters and destruction throughout the continent.",
        "release_date": "2019-06-28"
    }, {
        "vote_count": 182,
        "id": 521029,
        "video": false,
        "vote_average": 6.3,
        "title": "Annabelle Comes Home",
        "popularity": 117.448,
        "poster_path": "\/qWsHMrbg9DsBY3bCMk9jyYCRVRs.jpg",
        "original_language": "en",
        "original_title": "Annabelle Comes Home",
        "genre_ids": [27],
        "backdrop_path": "\/dBt0DoFfbhOI4ypUfRj1uTq623M.jpg",
        "adult": false,
        "overview": "Determined to keep Annabelle from wreaking more havoc, demonologists Ed and Lorraine Warren bring the possessed doll to the locked artifacts room in their home, placing her “safely” behind sacred glass and enlisting a priest’s holy blessing. But an unholy night of horror awaits as Annabelle awakens the evil spirits in the room, who all set their sights on a new target—the Warrens' ten-year-old daughter, Judy, and her friends.",
        "release_date": "2019-06-26"
    }, {
        "vote_count": 60,
        "id": 480042,
        "video": false,
        "vote_average": 4.7,
        "title": "Escape Plan: The Extractors",
        "popularity": 92.541,
        "poster_path": "\/r15SUgzjL8bablcdEkHk9T7TSRl.jpg",
        "original_language": "en",
        "original_title": "Escape Plan: The Extractors",
        "genre_ids": [28, 53],
        "backdrop_path": "\/ygWKYTu7OnZKF9H5NsgjL9iURGV.jpg",
        "adult": false,
        "overview": "After security expert Ray Breslin is hired to rescue the kidnapped daughter of a Hong Kong tech mogul from a formidable Latvian prison, Breslin's girlfriend is also captured. Now he and his team must pull off a deadly rescue mission to confront their sadistic foe and save the hostages before time runs out.",
        "release_date": "2019-06-20"
    }, {
        "vote_count": 17,
        "id": 566555,
        "video": false,
        "vote_average": 5.1,
        "title": "Detective Conan: The Fist of Blue Sapphire",
        "popularity": 90.472,
        "poster_path": "\/86Y6qM8zTn3PFVfCm9J98Ph7JEB.jpg",
        "original_language": "ja",
        "original_title": "名探偵コナン 紺青の拳（フィスト）",
        "genre_ids": [16, 28, 18, 9648, 35],
        "backdrop_path": "\/wf6VDSi4aFCZfuD8sX8JAKLfJ5m.jpg",
        "adult": false,
        "overview": "23rd movie in the \"Detective Conan\" franchise.",
        "release_date": "2019-04-12"
    }, {
        "vote_count": 419,
        "id": 479455,
        "video": false,
        "vote_average": 6,
        "title": "Men in Black: International",
        "popularity": 69.416,
        "poster_path": "\/dPrUPFcgLfNbmDL8V69vcrTyEfb.jpg",
        "original_language": "en",
        "original_title": "Men in Black: International",
        "genre_ids": [28, 35, 878, 12],
        "backdrop_path": "\/2FYzxgLNuNVwncilzUeCGbOQzP7.jpg",
        "adult": false,
        "overview": "The Men in Black have always protected the Earth from the scum of the universe. In this new adventure, they tackle their biggest, most global threat to date: a mole in the Men in Black organization.",
        "release_date": "2019-06-12"
    }, {
        "vote_count": 0,
        "id": 420818,
        "video": false,
        "vote_average": 0,
        "title": "The Lion King",
        "popularity": 67.16,
        "poster_path": "\/dzBtMocZuJbjLOXvrl4zGYigDzh.jpg",
        "original_language": "en",
        "original_title": "The Lion King",
        "genre_ids": [12, 16, 10751, 18],
        "backdrop_path": "\/1TUg5pO1VZ4B0Q1amk3OlXvlpXV.jpg",
        "adult": false,
        "overview": "Simba idolises his father, King Mufasa, and takes to heart his own royal destiny. But not everyone in the kingdom celebrates the new cub's arrival. Scar, Mufasa's brother—and former heir to the throne—has plans of his own. The battle for Pride Rock is ravaged with betrayal, tragedy and drama, ultimately resulting in Simba's exile. With help from a curious pair of newfound friends, Simba will have to figure out how to grow up and take back what is rightfully his.",
        "release_date": "2019-07-12"
    }, {
        "vote_count": 152,
        "id": 533642,
        "video": false,
        "vote_average": 5.8,
        "title": "Child's Play",
        "popularity": 55.695,
        "poster_path": "\/rpS7ROczWulqfaXG2klYapULXKm.jpg",
        "original_language": "en",
        "original_title": "Child's Play",
        "genre_ids": [27],
        "backdrop_path": "\/vHse4QK31Vc3X7BKKU5GOQhYxv6.jpg",
        "adult": false,
        "overview": "Karen, a single mother, gifts her son Andy a Buddi doll for his birthday, unaware of its more sinister nature. A contemporary re-imagining of the 1988 horror classic.",
        "release_date": "2019-06-19"
    }, {
        "vote_count": 1577,
        "id": 447404,
        "video": false,
        "vote_average": 7,
        "title": "Pokémon Detective Pikachu",
        "popularity": 53.567,
        "poster_path": "\/wgQ7APnFpf1TuviKHXeEe3KnsTV.jpg",
        "original_language": "en",
        "original_title": "Pokémon Detective Pikachu",
        "genre_ids": [9648, 10751, 35, 878, 28, 12],
        "backdrop_path": "\/nDP33LmQwNsnPv29GQazz59HjJI.jpg",
        "adult": false,
        "overview": "In a world where people collect pocket-size monsters (Pokémon) to do battle, a boy comes across an intelligent monster who seeks to be a detective.",
        "release_date": "2019-05-03"
    }, {
        "vote_count": 9,
        "id": 519465,
        "video": false,
        "vote_average": 7.6,
        "title": "Queen of Hearts",
        "popularity": 49.618,
        "poster_path": "\/dfFVDIgovEfQZn53VRKLV2JQnRJ.jpg",
        "original_language": "da",
        "original_title": "Dronningen",
        "genre_ids": [18],
        "backdrop_path": "\/3xqkD4QaB9qYrOgcc5YdfMvof7Z.jpg",
        "adult": false,
        "overview": "Anne, a brilliant and dedicated advocacy lawyer specialising in society’s most vulnerable, children and young adults, lives what appears to be the picture-perfect life with her doctor-husband, Peter, and their twin daughters. When her estranged teenage stepson, Gustav, moves in with them, Anne’s escalating desire leads her down a dangerous rabbit hole which, once exposed, unleashes a sequence of events destined to destroy her world.",
        "release_date": "2019-03-27"
    }, {
        "vote_count": 47,
        "id": 530385,
        "video": false,
        "vote_average": 6.8,
        "title": "Midsommar",
        "popularity": 47.228,
        "poster_path": "\/eycO6M2s38xO1888Gq2gSrXf0A6.jpg",
        "original_language": "en",
        "original_title": "Midsommar",
        "genre_ids": [27, 18, 9648, 35],
        "backdrop_path": "\/reU8qaO848nkCay7WPtJcdi61p5.jpg",
        "adult": false,
        "overview": "A young couple travels to Sweden to visit their friend’s rural hometown and attend its mid-summer festival. What begins as an idyllic retreat quickly descends into an increasingly violent and bizarre competition at the hands of a pagan cult.",
        "release_date": "2019-07-03"
    }, {
        "vote_count": 774,
        "id": 438650,
        "video": false,
        "vote_average": 5.4,
        "title": "Cold Pursuit",
        "popularity": 46.847,
        "poster_path": "\/hXgmWPd1SuujRZ4QnKLzrj79PAw.jpg",
        "original_language": "en",
        "original_title": "Cold Pursuit",
        "genre_ids": [28, 18, 53, 80],
        "backdrop_path": "\/vEf5TcMW0ZwzGz24ZJSRWYXYlpX.jpg",
        "adult": false,
        "overview": "The quiet family life of Nels Coxman, a snowplow driver, is upended after his son's murder. Nels begins a vengeful hunt for Viking, the drug lord he holds responsible for the killing, eliminating Viking's associates one by one. As Nels draws closer to Viking, his actions bring even more unexpected and violent consequences, as he proves that revenge is all in the execution.",
        "release_date": "2019-02-07"
    }, {
        "vote_count": 111,
        "id": 515195,
        "video": false,
        "vote_average": 6.7,
        "title": "Yesterday",
        "popularity": 45.995,
        "poster_path": "\/1rjaRIAqFPQNnMtqSMLtg0VEABi.jpg",
        "original_language": "en",
        "original_title": "Yesterday",
        "genre_ids": [35, 10402, 10749],
        "backdrop_path": "\/qWMKhBN7IsiIEFqRJYRg0HmHH6r.jpg",
        "adult": false,
        "overview": "Jack Malik is a struggling singer-songwriter in an English seaside town whose dreams of fame are rapidly fading, despite the fierce devotion and support of his childhood best friend, Ellie. After a freak bus accident during a mysterious global blackout, Jack wakes up to discover that he's the only person on Earth who can remember The Beatles.",
        "release_date": "2019-06-27"
    }, {
        "vote_count": 229,
        "id": 502416,
        "video": false,
        "vote_average": 5.6,
        "title": "Ma",
        "popularity": 45.27,
        "poster_path": "\/6n7ASmQ1wY2cxTubFFGlcvPpyk7.jpg",
        "original_language": "en",
        "original_title": "Ma",
        "genre_ids": [53, 27],
        "backdrop_path": "\/mBOv5YrX5QGr5CusK0PKSHuxOt9.jpg",
        "adult": false,
        "overview": "Sue Ann is a loner who keeps to herself in her quiet Ohio town. One day, she is asked by Maggie, a new teenager in town, to buy some booze for her and her friends, and Sue Ann sees the chance to make some unsuspecting, if younger, friends of her own.",
        "release_date": "2019-05-29"
    }, {
        "vote_count": 923,
        "id": 457799,
        "video": false,
        "vote_average": 7,
        "title": "Extremely Wicked, Shockingly Evil and Vile",
        "popularity": 41.965,
        "poster_path": "\/bP8T3WWpFTvyITSzetR3UCnG45M.jpg",
        "original_language": "en",
        "original_title": "Extremely Wicked, Shockingly Evil and Vile",
        "genre_ids": [53, 80, 18, 36],
        "backdrop_path": "\/2l1QJBrT5nf0O6199piSGBptfZ9.jpg",
        "adult": false,
        "overview": "A chronicle of the crimes of Ted Bundy, from the perspective of his longtime girlfriend, Elizabeth Kloepfer, who refused to believe the truth about him for years.",
        "release_date": "2019-05-02"
    }, {
        "vote_count": 211,
        "id": 412117,
        "video": false,
        "vote_average": 6.4,
        "title": "The Secret Life of Pets 2",
        "popularity": 41.386,
        "poster_path": "\/q3mKnSkzp1doIsCye6ap4KIUAbu.jpg",
        "original_language": "en",
        "original_title": "The Secret Life of Pets 2",
        "genre_ids": [12, 16, 35, 10751],
        "backdrop_path": "\/kTQQjh53k2twvLDwLH8c0m4w6HR.jpg",
        "adult": false,
        "overview": "Max the terrier must cope with some major life changes when his owner gets married and has a baby. When the family takes a trip to the countryside, nervous Max has numerous run-ins with canine-intolerant cows, hostile foxes and a scary turkey. Luckily for Max, he soon catches a break when he meets Rooster, a gruff farm dog who tries to cure the lovable pooch of his neuroses.",
        "release_date": "2019-05-24"
    }, {
        "vote_count": 905,
        "id": 527641,
        "video": false,
        "vote_average": 8.1,
        "title": "Five Feet Apart",
        "popularity": 36.998,
        "poster_path": "\/kreTuJBkUjVWePRfhHZuYfhNE1T.jpg",
        "original_language": "en",
        "original_title": "Five Feet Apart",
        "genre_ids": [10749, 18],
        "backdrop_path": "\/d7wa3VpUpKDQ7GG9EMw8zSJCFoI.jpg",
        "adult": false,
        "overview": "Seventeen-year-old Stella spends most of her time in the hospital as a cystic fibrosis patient. Her life is full of routines, boundaries and self-control -- all of which get put to the test when she meets Will, an impossibly charming teen who has the same illness. There's an instant flirtation, though restrictions dictate that they must maintain a safe distance between them. As their connection intensifies, so does the temptation to throw the rules out the window and embrace that attraction.",
        "release_date": "2019-03-15"
    }, {
        "vote_count": 283,
        "id": 496243,
        "video": false,
        "vote_average": 8.8,
        "title": "Parasite",
        "popularity": 34.376,
        "poster_path": "\/7IiTTgloJzvGI1TAYymCfbfl3vT.jpg",
        "original_language": "ko",
        "original_title": "기생충",
        "genre_ids": [18, 53],
        "backdrop_path": "\/ny5aCtglk2kceGAuAdiyqbhBBAf.jpg",
        "adult": false,
        "overview": "All unemployed, Ki-taek's family takes peculiar interest in the wealthy and glamorous Parks for their livelihood until they get entangled in an unexpected incident.",
        "release_date": "2019-05-30"
    }, {
        "vote_count": 314,
        "id": 445629,
        "video": false,
        "vote_average": 6.5,
        "title": "Fighting with My Family",
        "popularity": 28.582,
        "poster_path": "\/cVhe15rJLRjolunSWLBN6xQLyGU.jpg",
        "original_language": "en",
        "original_title": "Fighting with My Family",
        "genre_ids": [35, 18],
        "backdrop_path": "\/mYKP6qcDUimVMAHQWLOuDHjO19S.jpg",
        "adult": false,
        "overview": "Born into a tight-knit wrestling family, Paige and her brother Zak are ecstatic when they get the once-in-a-lifetime opportunity to try out for the WWE. But when only Paige earns a spot in the competitive training program, she must leave her loved ones behind and face this new cutthroat world alone. Paige's journey pushes her to dig deep and ultimately prove to the world that what makes her different is the very thing that can make her a star.",
        "release_date": "2019-02-14"
    }, {
        "vote_count": 51,
        "id": 484641,
        "video": false,
        "vote_average": 5.7,
        "title": "Anna",
        "popularity": 27.732,
        "poster_path": "\/exTOQMsl6sMntASQZWLhjghzVGx.jpg",
        "original_language": "en",
        "original_title": "Anna",
        "genre_ids": [53, 28],
        "backdrop_path": "\/jbMfZtei6aQABPSmQra7tU5ZScD.jpg",
        "adult": false,
        "overview": "Beneath Anna Poliatova's striking beauty lies a secret that will unleash her indelible strength and skill to become one of the world's most feared government assassins.",
        "release_date": "2019-06-20"
    }, {
        "vote_count": 142,
        "id": 400157,
        "video": false,
        "vote_average": 6.2,
        "title": "Wonder Park",
        "popularity": 26.94,
        "poster_path": "\/8KomINZhIuJeB4oB7k7tkq8tmE.jpg",
        "original_language": "en",
        "original_title": "Wonder Park",
        "genre_ids": [35, 16, 12, 10751, 14],
        "backdrop_path": "\/nJyAdKPnW15IAvC6sLBTE0lp6Dv.jpg",
        "adult": false,
        "overview": "The story of a magnificent amusement park where the imagination of a wildly creative girl named June comes alive.",
        "release_date": "2019-03-14"
    }],
    "page": 1,
    "total_results": 332,
    "dates": {
        "maximum": "2019-08-03",
        "minimum": "2019-07-07"
    },
    "total_pages": 17
}