{"adult":false,"backdrop_path":"/dihW2yTsvQlust7mSuAqJDtqW7k.jpg","belongs_to_collection":{"id":531241,"name":"Spider-Man (Avengers) Collection","poster_path":"/nogV4th2P5QWYvQIMiWHj4CFLU9.jpg","backdrop_path":"/AvnqpRwlEaYNVL6wzC4RN94EdSd.jpg"},"budget":160000000,"genres":[{"id":28,"name":"Action"},{"id":12,"name":"Adventure"},{"id":878,"name":"Science Fiction"}],"homepage":"https://www.marvel.com/movies/spider-man-far-from-home","id":429617,"imdb_id":"tt6320628","original_language":"en","original_title":"Spider-Man: Far from Home","overview":"Peter Parker and his friends go on a summer trip to Europe. However, they will hardly be able to rest - Peter will have to agree to help Nick Fury uncover the mystery of creatures that cause natural disasters and destruction throughout the continent.","popularity":615.274,"poster_path":"/rjbNpRMoVvqHmhmksbokcyCr7wn.jpg","production_companies":[{"id":420,"logo_path":"/hUzeosd33nzE5MCNsZxCGEKTXaQ.png","name":"Marvel Studios","origin_country":"US"},{"id":34,"logo_path":"/GagSvqWlyPdkFHMfQ3pNq6ix9P.png","name":"Sony Pictures","origin_country":"US"},{"id":5,"logo_path":"/71BqEFAF4V3qjjMPCpLuyJFB9A.png","name":"Columbia Pictures","origin_country":"US"}],"production_countries":[{"iso_3166_1":"DE","name":"Germany"},{"iso_3166_1":"US","name":"United States of America"},{"iso_3166_1":"GB","name":"United Kingdom"}],"release_date":"2019-06-28","revenue":580055628,"runtime":129,"spoken_languages":[{"iso_639_1":"zh","name":"普通话"},{"iso_639_1":"en","name":"English"},{"iso_639_1":"it","name":"Italiano"}],"status":"Released","tagline":"","title":"Spider-Man: Far from Home","video":false,"vote_average":7.8,"vote_count":802,"credits":{"cast":[{"cast_id":137,"character":"Peter Parker / Spider-Man","credit_id":"5b363c3b0e0a26400802ad1a","gender":2,"id":1136406,"name":"Tom Holland","order":0,"profile_path":"/2qhIDp44cAqP2clOgt2afQI07X8.jpg"},{"cast_id":143,"character":"Quentin Beck / Mysterio","credit_id":"5b459fb90e0a266050001c0e","gender":2,"id":131,"name":"Jake Gyllenhaal","order":1,"profile_path":"/92sBuFC8tWPG7IqGDJNxysT7tIF.jpg"},{"cast_id":144,"character":"Nick Fury","credit_id":"5b46a425c3a3686e49000f94","gender":2,"id":2231,"name":"Samuel L. Jackson","order":2,"profile_path":"/mXN4Gw9tZJVKrLJHde2IcUHmV3P.jpg"},{"cast_id":138,"character":"May Parker","credit_id":"5b363cac0e0a263ff302cabd","gender":1,"id":3141,"name":"Marisa Tomei","order":3,"profile_path":"/w8qBpRcv04D5eSnnmvRL7PXyW36.jpg"},{"cast_id":160,"character":"Harold \"Happy\" Hogan","credit_id":"5bf931cf0e0a263ac500f058","gender":2,"id":15277,"name":"Jon Favreau","order":4,"profile_path":"/rOVBKURoR7TrG8MYxTuNUFj3E68.jpg"},{"cast_id":140,"character":"Michelle \"MJ\" Jones","credit_id":"5b366bcd9251413c820257f5","gender":1,"id":505710,"name":"Zendaya","order":5,"profile_path":"/r3A7ev7QkjOGocVn3kQrJ0eOouk.jpg"},{"cast_id":147,"character":"Ned Leeds","credit_id":"5b5c9fd59251415234015be6","gender":2,"id":1649152,"name":"Jacob Batalon","order":6,"profile_path":"/ka49JItS3al6FANw02jQ20Jtv7M.jpg"},{"cast_id":148,"character":"Eugene \"Flash\" Thompson","credit_id":"5b6454c30e0a267ef8055572","gender":2,"id":1291350,"name":"Tony Revolori","order":7,"profile_path":"/ouuo4ulVO9j6T8JixFp4lWTVdtd.jpg"},{"cast_id":159,"character":"Betty Brant","credit_id":"5bc2831dc3a3682d4403e9ca","gender":1,"id":1265629,"name":"Angourie Rice","order":8,"profile_path":"/nWWt25SYct87UQL9C0LbwtiPTDK.jpg"},{"cast_id":151,"character":"Brad Davis","credit_id":"5b7336cf0e0a267ee71cb381","gender":0,"id":1347947,"name":"Remy Hii","order":9,"profile_path":"/l6K5S3Pnxtj9JBz7qPhiHEekGpg.jpg"},{"cast_id":195,"character":"Mr. Harrington","credit_id":"5d18fd2cd3d3870021546948","gender":2,"id":41089,"name":"Martin Starr","order":10,"profile_path":"/vj8RYWMVD0mZuc6NjwlBcqn2Flk.jpg"},{"cast_id":194,"character":"Mr. Dell","credit_id":"5d18fd1b126ec300151193d7","gender":2,"id":65920,"name":"J.B. Smoove","order":11,"profile_path":"/6f87tYMcToIZqqBRM24DVs1STTw.jpg"},{"cast_id":191,"character":"Jason Ionello","credit_id":"5d18fca630aa31001bc53324","gender":2,"id":1563266,"name":"Jorge Lendeborg Jr.","order":12,"profile_path":"/jDkT3Yf2AWG21Iy8l7cakTEncJU.jpg"},{"cast_id":146,"character":"Maria Hill","credit_id":"5b58e9199251416dcc0563fc","gender":1,"id":71189,"name":"Cobie Smulders","order":13,"profile_path":"/7TIENKNwDdKSuYqyTENKtCznkCG.jpg"},{"cast_id":145,"character":"Dimitri","credit_id":"5b4e5a7b0e0a264b8a0001fc","gender":2,"id":35434,"name":"Numan Acar","order":14,"profile_path":"/cJ0wLZDcyFKbRslfVNtiyl3XJqC.jpg"},{"cast_id":205,"character":"E.D.I.T.H. (voice)","credit_id":"5d190a1ed3d387001854763f","gender":1,"id":1787829,"name":"Dawn Michelle King","order":15,"profile_path":null},{"cast_id":199,"character":"Zach","credit_id":"5d190959006eee00218cbe08","gender":0,"id":2351636,"name":"Zach Barack","order":16,"profile_path":null},{"cast_id":200,"character":"Zoha","credit_id":"5d190964006eee001b8cbb53","gender":1,"id":2351637,"name":"Zoha Rahman","order":17,"profile_path":null},{"cast_id":201,"character":"Yasmin","credit_id":"5d1909735545ca0025bdc64b","gender":1,"id":1472668,"name":"Yasmin Mwanza","order":18,"profile_path":null},{"cast_id":197,"character":"Josh Spinelli","credit_id":"5d1904fb30aa310018c53ef7","gender":0,"id":2351611,"name":"Joshua Sinclair-Evans","order":19,"profile_path":null},{"cast_id":329,"character":"Italian Customs Office","credit_id":"5d1fbff90328b9000ed8a649","gender":0,"id":1289287,"name":"Giada Benedetti","order":20,"profile_path":"/aIomn208LsSwtHxIidwq2dP2GRI.jpg"},{"cast_id":202,"character":"Tyler","credit_id":"5d1909828a84d2001ecc629b","gender":0,"id":2351639,"name":"Tyler Luke Cunningham","order":21,"profile_path":null},{"cast_id":203,"character":"Sebastian","credit_id":"5d1909908a84d2001bcc625a","gender":0,"id":2351641,"name":"Sebastian Viveros","order":22,"profile_path":null},{"cast_id":198,"character":"The Seamstress","credit_id":"5d19052ed3d38767b35410f5","gender":1,"id":1679828,"name":"Toni Garrn","order":23,"profile_path":"/yX0KMOwUN30EhfOhWGzrHE0z0IR.jpg"},{"cast_id":196,"character":"William Ginter Riva","credit_id":"5d190006126ec3001e117f94","gender":2,"id":12708,"name":"Peter Billingsley","order":24,"profile_path":"/2wlX6TzKnghrZHIdbtA2oKxKHcv.jpg"},{"cast_id":211,"character":"Victoria","credit_id":"5d190f1e006eee001b8cc41a","gender":1,"id":1851644,"name":"Clare Dunne","order":25,"profile_path":null},{"cast_id":206,"character":"Guterman","credit_id":"5d190a365545ca0022bdc74e","gender":2,"id":58915,"name":"Nicholas Gleaves","order":26,"profile_path":"/df70EMrbmDDIS2gJ8q4VrnlfTga.jpg"},{"cast_id":207,"character":"Janice","credit_id":"5d190a4c8a84d2001bcc62c9","gender":1,"id":68384,"name":"Claire Rushbrook","order":27,"profile_path":"/nbiqoy0XJxd10jwNRs7xUVBgsEM.jpg"},{"cast_id":190,"character":"J. Jonah Jameson","credit_id":"5d151bd6a0b69000162ed67f","gender":2,"id":18999,"name":"J.K. Simmons","order":28,"profile_path":"/jPoNW5fugs5h8AbcE7H5OBm04Tm.jpg"},{"cast_id":192,"character":"Talos (uncredited)","credit_id":"5d18fccdd3d387002154690d","gender":2,"id":77335,"name":"Ben Mendelsohn","order":29,"profile_path":"/7wuqoqwDOMi6k1Y4zNzGPPsiQKy.jpg"},{"cast_id":193,"character":"Soren (uncredited)","credit_id":"5d18fcda8a84d2001ecc5012","gender":1,"id":2292713,"name":"Sharon Blynn","order":30,"profile_path":"/m3lzrdrNc0lleW9Tva64flZ8Fah.jpg"},{"cast_id":208,"character":"Himself","credit_id":"5d190aa8d3d387001854773e","gender":2,"id":1480047,"name":"Pat Kiernan","order":31,"profile_path":"/vgUYqODOvMlsM7lgyeNDCGboH4v.jpg"},{"cast_id":333,"character":"Queens Reporter","credit_id":"5d1fc05294d8a849843ecff6","gender":1,"id":1503076,"name":"Anjana Vasan","order":32,"profile_path":"/qLj1EERaN9lIDdPTenjBYYSNir6.jpg"},{"cast_id":331,"character":"Queens Reporter","credit_id":"5d1fc01dcae17c28cf31e501","gender":0,"id":2355291,"name":"Evelyn Mok","order":33,"profile_path":null},{"cast_id":332,"character":"Queens Reporter","credit_id":"5d1fc04615c6361729f3b917","gender":0,"id":2140794,"name":"Brian Law","order":34,"profile_path":null},{"cast_id":168,"character":"Dutch Soccer Hooligan 1","credit_id":"5c3f9233c3a368216240af9a","gender":2,"id":1233325,"name":"Jeroen van Koningsbrugge","order":35,"profile_path":"/A0TJCJihuyuE2ZBAKBomEzxJ3vE.jpg"},{"cast_id":176,"character":"Dutch Soccer Hooligan 2","credit_id":"5c3f92cb9251416e2daf97e5","gender":0,"id":2219132,"name":"Michael de Roos","order":36,"profile_path":null},{"cast_id":209,"character":"Dutch Soccer Hooligan 3","credit_id":"5d190b5c006eee00188cc1b8","gender":0,"id":1887182,"name":"Jan-Paul Buijs","order":37,"profile_path":null},{"cast_id":212,"character":"Helpful Dutch Man","credit_id":"5d190f738a84d2001ecc69f4","gender":2,"id":1107759,"name":"Lukáš Bech","order":38,"profile_path":"/oUHmxYXVfP5zvC8jHtfYw5A0C9L.jpg"},{"cast_id":210,"character":"Italian Street Vendor","credit_id":"5d190cbb5545ca001cbdccf3","gender":2,"id":25080,"name":"Alessandro Giuggioli","order":39,"profile_path":"/xJ1u7Eb1dGyL1UZVYFSXkrbVGLz.jpg"},{"cast_id":155,"character":"Cowboy Plane Passenger","credit_id":"5b7955e80e0a264728029f7f","gender":0,"id":2110770,"name":"Al Clark","order":40,"profile_path":null},{"cast_id":330,"character":"Italian TV Newsreader","credit_id":"5d1fc01394d8a8049a3f2f87","gender":0,"id":2355290,"name":"Tatiana Lunardon","order":41,"profile_path":null},{"cast_id":334,"character":"Venetian Glassblower","credit_id":"5d1fc06855b0c0678f6ef553","gender":0,"id":1194407,"name":"Sergio Pierattini","order":42,"profile_path":"/gaxyTukKsStXmBLMGWoimU6JN1m.jpg"},{"cast_id":154,"character":"Flight Attendant","credit_id":"5b7955d0925141294e026169","gender":0,"id":2110769,"name":"Keon Kendrick","order":43,"profile_path":null},{"cast_id":328,"character":"Opera Singer","credit_id":"5d1fbfc10328b92ecfd8250e","gender":0,"id":2355289,"name":"Petr Opava","order":44,"profile_path":null},{"cast_id":163,"character":"Student","credit_id":"5c3f91e60e0a2654c191105f","gender":0,"id":2219122,"name":"Samantha Mishinski","order":45,"profile_path":null},{"cast_id":164,"character":"London Tourist","credit_id":"5c3f91f40e0a26386790fc4e","gender":0,"id":2137927,"name":"Davina Sitaram","order":46,"profile_path":null},{"cast_id":165,"character":"Tourist","credit_id":"5c3f9207c3a36853ce40a104","gender":0,"id":2219124,"name":"Ruth Horrocks","order":47,"profile_path":null},{"cast_id":167,"character":"Tourist","credit_id":"5c3f92219251417ba0ab566b","gender":0,"id":2219127,"name":"Sonia Goswami","order":48,"profile_path":null},{"cast_id":171,"character":"Airport Kid Traveler","credit_id":"5c3f926bc3a36811b4402009","gender":0,"id":2088881,"name":"Michael Iacono","order":49,"profile_path":"/pJCPeCryDZhePMsTlU5vs6QVaAW.jpg"},{"cast_id":172,"character":"Italian Tourist","credit_id":"5c3f927a9251416b02afb946","gender":0,"id":2219129,"name":"Emily Ng","order":50,"profile_path":null},{"cast_id":174,"character":"Traffic Warden","credit_id":"5c3f92ae0e0a2633488cb1d4","gender":0,"id":2219130,"name":"Géraldine Lamarre","order":51,"profile_path":null},{"cast_id":327,"character":"Caricaturist","credit_id":"5d1fbfb50328b9000ed8a5e8","gender":0,"id":2355288,"name":"Giuseppe Andriolo","order":52,"profile_path":null},{"cast_id":177,"character":"Cab Driver","credit_id":"5c3f92dc9251416b02afba92","gender":0,"id":2219133,"name":"Daniel Rennis","order":53,"profile_path":null},{"cast_id":178,"character":"Peter's Art Classmate","credit_id":"5c3f92ebc3a368216240b0ee","gender":0,"id":2219134,"name":"Rocco Wu","order":54,"profile_path":null},{"cast_id":179,"character":"Londoner","credit_id":"5c3f92fbc3a368216240b115","gender":0,"id":2219135,"name":"Tony Mardon","order":55,"profile_path":null},{"cast_id":180,"character":"Venice Local","credit_id":"5c3f93199251416e06af893d","gender":0,"id":2219136,"name":"Adrian Mozzi","order":56,"profile_path":null},{"cast_id":181,"character":"Czech Traditional Dancer (uncredited)","credit_id":"5c3f932b0e0a267653910e1a","gender":0,"id":2219138,"name":"Kath Leroy","order":57,"profile_path":null},{"cast_id":183,"character":"Carnival Hot Girl (uncredited)","credit_id":"5c3f9343c3a36811b440214c","gender":0,"id":2219141,"name":"Amanda Musso","order":58,"profile_path":null},{"cast_id":184,"character":"Tourist (uncredited)","credit_id":"5c3f935792514156e5af3d77","gender":0,"id":2219143,"name":"Paul Slim","order":59,"profile_path":null},{"cast_id":185,"character":"High School Student (uncredited)","credit_id":"5c9464a50e0a2645ee4f70f2","gender":1,"id":1653352,"name":"Faith Logan","order":60,"profile_path":"/c9sZ4TGDSIRQPEIGqUG23odJriS.jpg"},{"cast_id":220,"character":"Tony Stark (archive footage / uncredited)","credit_id":"5d1d2b8e55b0c057a069e983","gender":2,"id":3223,"name":"Robert Downey Jr.","order":61,"profile_path":"/1YjdSym1jTG7xjHSI0yGGWEsw5i.jpg"},{"cast_id":221,"character":"Obadiah Stane (archive footage / uncredited)","credit_id":"5d1d2bd894d8a820fa3bccbe","gender":2,"id":1229,"name":"Jeff Bridges","order":62,"profile_path":"/xms1RAY6q7Lzp7wNeRCB0kzhucn.jpg"},{"cast_id":227,"character":"German Office Worker (uncredited)","credit_id":"5d1fb58155b0c07f3b712e25","gender":0,"id":2355234,"name":"Dale Wilder","order":63,"profile_path":null},{"cast_id":228,"character":"Armed Security Officer (uncredited)","credit_id":"5d1fb59dcae17c0011329c2a","gender":1,"id":1739873,"name":"Jo Wheatley","order":64,"profile_path":"/9HU9E6DcIfvt0Oz7Qniv3lqaAL7.jpg"},{"cast_id":229,"character":"Pawn Shop Owner (uncredited)","credit_id":"5d1fb5ab0328b9000ed88d55","gender":2,"id":1641878,"name":"Joe David Walters","order":65,"profile_path":"/bTJ2AMhLoxwwgwt5xYrwlhRLs4e.jpg"},{"cast_id":230,"character":"Student (uncredited)","credit_id":"5d1fb5b894d8a8311643270c","gender":0,"id":1956099,"name":"Jessica VanOss","order":66,"profile_path":null},{"cast_id":231,"character":"Tourist (uncredited)","credit_id":"5d1fb5c615c6361729f3a31f","gender":0,"id":2355235,"name":"Lesdy Vanessa","order":67,"profile_path":null},{"cast_id":232,"character":"Street Pedestrian (uncredited)","credit_id":"5d1fb5d2cae17c0011329c71","gender":0,"id":2355236,"name":"Oskar Ulvestad","order":68,"profile_path":null},{"cast_id":233,"character":"Venice Tourist (uncredited)","credit_id":"5d1fb5e615c63669bdf471fe","gender":0,"id":2355237,"name":"Emily Tebbutt","order":69,"profile_path":null},{"cast_id":234,"character":"Tourist (uncredited)","credit_id":"5d1fb5f115c636099ef3499b","gender":0,"id":2355238,"name":"Lucas Antoine Starrets","order":70,"profile_path":null},{"cast_id":235,"character":"London Tourist (uncredited)","credit_id":"5d1fb608cae17c000e329a62","gender":0,"id":1853975,"name":"Joakim Skarli","order":71,"profile_path":"/kcDgMDDxYnNJooDwKNoABWRf8BG.jpg"},{"cast_id":236,"character":"German Executive (uncredited)","credit_id":"5d1fb62115c6361a02f4756e","gender":1,"id":1753020,"name":"Tina Simmons","order":72,"profile_path":"/lrxbhM8g5cxL8PC3LJoStMUSfmM.jpg"},{"cast_id":237,"character":"Venice Tourist (uncredited)","credit_id":"5d1fb63a94d8a8049a3f1a46","gender":0,"id":2355239,"name":"Ilya Tank Shilov","order":73,"profile_path":null},{"cast_id":238,"character":"American Tourist (uncredited)","credit_id":"5d1fb64ccae17c4daf327d85","gender":0,"id":2355240,"name":"Karen-J Sear","order":74,"profile_path":null},{"cast_id":239,"character":"Screaming Kid (uncredited)","credit_id":"5d1fb65a94d8a87d343cd38b","gender":0,"id":2355241,"name":"Alessandro Sciarra","order":75,"profile_path":null},{"cast_id":240,"character":"Berlinerin (uncredited)","credit_id":"5d1fb6e394d8a8049a3f1bda","gender":0,"id":2251722,"name":"Susanne Schraps","order":76,"profile_path":null},{"cast_id":241,"character":"Midtown High Student (uncredited)","credit_id":"5d1fb6fe0328b90010d8784b","gender":0,"id":2355242,"name":"Monae Samone","order":77,"profile_path":null},{"cast_id":242,"character":"Dad Collecting Kids (uncredited)","credit_id":"5d1fb70b94d8a849843ebc74","gender":0,"id":2205337,"name":"Daniel Ryves","order":78,"profile_path":null},{"cast_id":243,"character":"TSA Agent (uncredited)","credit_id":"5d1fb71855b0c0678f6ee047","gender":0,"id":2355243,"name":"Ray Rosario","order":79,"profile_path":null},{"cast_id":244,"character":"Airport Traveler (uncredited)","credit_id":"5d1fb73894d8a8311643296d","gender":0,"id":2355244,"name":"Emmanuel Rodriguez","order":80,"profile_path":null},{"cast_id":245,"character":"Victoria's Crew (uncredited)","credit_id":"5d1fb7480328b9000fd87de7","gender":0,"id":2317686,"name":"Cailan Robinson","order":81,"profile_path":null},{"cast_id":246,"character":"High School Student (uncredited)","credit_id":"5d1fb76655b0c0678f6ee0b5","gender":0,"id":2355245,"name":"Sofia Renee","order":82,"profile_path":null},{"cast_id":247,"character":"Passerby (uncredited)","credit_id":"5d1fb7a815c6361a02f47754","gender":0,"id":1735655,"name":"Mike Ray","order":83,"profile_path":null},{"cast_id":248,"character":"Pedestrian (uncredited)","credit_id":"5d1fb7b80328b9000ed89112","gender":2,"id":2216605,"name":"Jivan Xander Ramesh","order":84,"profile_path":"/kFgS0JmXuZhfamcMoI4DsYc0eOf.jpg"},{"cast_id":249,"character":"Czech Reveler (uncredited)","credit_id":"5d1fb7e615c6361729f3a6c3","gender":0,"id":2355246,"name":"Martin Polak","order":85,"profile_path":null},{"cast_id":250,"character":"Traveler (uncredited)","credit_id":"5d1fb7f255b0c07f3b713198","gender":0,"id":1979097,"name":"Annie Pisapia","order":86,"profile_path":null},{"cast_id":251,"character":"London Passerby (uncredited)","credit_id":"5d1fb7ff55b0c07f3b71319f","gender":2,"id":1961444,"name":"Aleksandrs Petukhovs","order":87,"profile_path":null},{"cast_id":252,"character":"Gondolier (uncredited)","credit_id":"5d1fb8090328b90010d87a48","gender":0,"id":1069213,"name":"Luigi Petrazzuolo","order":88,"profile_path":"/vHOYdQcN5zwhuocMdgQC36j38pc.jpg"},{"cast_id":253,"character":"London Tourist (uncredited)","credit_id":"5d1fb81555b0c07f3b7131b7","gender":0,"id":2355247,"name":"Clay Pel-is","order":89,"profile_path":null},{"cast_id":254,"character":"British Station Staff (uncredited)","credit_id":"5d1fb82594d8a8049a3f1ded","gender":2,"id":1973190,"name":"Hiten Patel","order":90,"profile_path":"/6Izl7RXweJAcjIU6KoGI60JERKE.jpg"},{"cast_id":255,"character":"Charity Event Attendee (uncredited)","credit_id":"5d1fb84c0328b9000fd88009","gender":0,"id":2355248,"name":"Karen Parks","order":91,"profile_path":null},{"cast_id":256,"character":"Basketball Player (uncredited)","credit_id":"5d1fb85694d8a849843ebf75","gender":0,"id":1931958,"name":"Vincent Paolicelli","order":92,"profile_path":null},{"cast_id":257,"character":"Czech Guy (uncredited)","credit_id":"5d1fb8660328b92ecfd81672","gender":0,"id":2355249,"name":"Daniel Olson","order":93,"profile_path":null},{"cast_id":258,"character":"Police Officer (uncredited)","credit_id":"5d1fb8ee0328b90010d87bec","gender":0,"id":2355250,"name":"Brendan Murphy","order":94,"profile_path":null},{"cast_id":259,"character":"Flute Player (uncredited)","credit_id":"5d1fb90215c6361a02f47912","gender":0,"id":2355251,"name":"Julia Mollin","order":95,"profile_path":null},{"cast_id":260,"character":"Mob Guy (uncredited)","credit_id":"5d1fb90d15c6361729f3a84e","gender":2,"id":202930,"name":"Anthony Molinari","order":96,"profile_path":"/3m3gjjfEQXvroS08SD3dAESgfkb.jpg"},{"cast_id":261,"character":"Passerby (uncredited)","credit_id":"5d1fb93f55b0c01c3571f258","gender":0,"id":2355252,"name":"Bradley Wj Miller","order":97,"profile_path":null},{"cast_id":262,"character":"Italian Boy (uncredited)","credit_id":"5d1fb94ccae17c4daf328184","gender":0,"id":2355253,"name":"Aristou Meehan","order":98,"profile_path":null},{"cast_id":263,"character":"Bellboy (uncredited)","credit_id":"5d1fb95a15c6361a02f479ae","gender":2,"id":2320605,"name":"Antonín Masek","order":99,"profile_path":"/eiWJXKjG3naUEZZZhuQuqAFRsQx.jpg"},{"cast_id":264,"character":"Venice Wedding Guest (uncredited)","credit_id":"5d1fb96e94d8a8049a3f1fec","gender":0,"id":1713820,"name":"Tyrone Love","order":100,"profile_path":"/cP2P06PxKmScISpZUqNefWmXuzj.jpg"},{"cast_id":265,"character":"Mob Boss (uncredited)","credit_id":"5d1fb97b0328b9000fd8818a","gender":2,"id":27649,"name":"Joseph Long","order":101,"profile_path":"/1VnK6vr9eUM07DXmaZbXUP0qT3Y.jpg"},{"cast_id":266,"character":"Londoner (uncredited)","credit_id":"5d1fb98a94d8a849843ec15c","gender":0,"id":1497349,"name":"Gavin Lee Lewis","order":102,"profile_path":null},{"cast_id":267,"character":"Journalist (uncredited)","credit_id":"5d1fb9cf15c63669bdf4794e","gender":0,"id":2069411,"name":"Rich Lawton","order":103,"profile_path":null},{"cast_id":268,"character":"Mexican Villager (uncredited)","credit_id":"5d1fb9e4cae17c001032aa6b","gender":0,"id":2355254,"name":"Jimena Larraguivel","order":104,"profile_path":null},{"cast_id":269,"character":"Student (uncredited)","credit_id":"5d1fba0094d8a849843ec278","gender":0,"id":1653333,"name":"Hannah Kurczeski","order":105,"profile_path":"/v81Qy7HAblDQds3hv8IIClcqPGw.jpg"},{"cast_id":270,"character":"Midtown High School Student (uncredited)","credit_id":"5d1fba0ecae17c4daf3282cb","gender":0,"id":2281898,"name":"Camille Kinloch","order":106,"profile_path":null},{"cast_id":271,"character":"London Passerby (uncredited)","credit_id":"5d1fba22cae17c001132a3eb","gender":0,"id":2355255,"name":"Daham Kandanarrachchi","order":107,"profile_path":null},{"cast_id":272,"character":"High School Student (uncredited)","credit_id":"5d1fba2fcae17c001032aae3","gender":0,"id":2355256,"name":"Timothy Christian Jansen","order":108,"profile_path":null},{"cast_id":273,"character":"Tourist (uncredited)","credit_id":"5d1fba3b94d8a87d343cd7ab","gender":0,"id":2355257,"name":"Theo Ip","order":109,"profile_path":null},{"cast_id":274,"character":"Bar Customer (uncredited)","credit_id":"5d1fba4ccae17c4daf3283e7","gender":0,"id":2355258,"name":"Roman Ibragimov","order":110,"profile_path":null},{"cast_id":275,"character":"Airport Kid Traveler (uncredited","credit_id":"5d1fba5a55b0c07f3b713519","gender":0,"id":2088881,"name":"Michael Iacono","order":111,"profile_path":"/pJCPeCryDZhePMsTlU5vs6QVaAW.jpg"},{"cast_id":276,"character":"Sneezy Tour Guide (uncredited)","credit_id":"5d1fba6594d8a8049a3f21d0","gender":0,"id":2355259,"name":"Chris Hyacinthe","order":112,"profile_path":null},{"cast_id":277,"character":"Partygoer (uncredited)","credit_id":"5d1fba76cae17c001032abd1","gender":0,"id":2355260,"name":"Patrick Holly","order":113,"profile_path":null},{"cast_id":278,"character":"Pretty Tourist (uncredited)","credit_id":"5d1fba9394d8a8049a3f222b","gender":1,"id":1378683,"name":"Meagan Holder","order":114,"profile_path":"/ab033IJGN5R3eLZ5J2YFakDEtQ5.jpg"},{"cast_id":279,"character":"Hotel Guest (uncredited)","credit_id":"5d1fbab00328b9000fd8840e","gender":2,"id":102030,"name":"Michael Hennessy","order":115,"profile_path":null},{"cast_id":280,"character":"Saved Londoner (uncredited)","credit_id":"5d1fbabb94d8a849843ec3b5","gender":0,"id":2355261,"name":"Nicholle Hembra","order":116,"profile_path":null},{"cast_id":281,"character":"Rooftop Dad (uncredited)","credit_id":"5d1fbac655b0c0638e6cc132","gender":2,"id":1833417,"name":"Jake Hanson","order":117,"profile_path":null},{"cast_id":282,"character":"Tourist in Venice (uncredited)","credit_id":"5d1fbadf55b0c01c3571f5bc","gender":0,"id":1803535,"name":"Thomas Goodridge","order":118,"profile_path":null},{"cast_id":283,"character":"Charity Dinner Guest (uncredited)","credit_id":"5d1fbaec0328b90010d87efb","gender":0,"id":2355262,"name":"Cynthia Garbutt","order":119,"profile_path":null},{"cast_id":284,"character":"Flight Attendant (uncredited)","credit_id":"5d1fbafc0328b9000ed897c9","gender":0,"id":1010873,"name":"Massi Furlan","order":120,"profile_path":"/zRreqQzlqFa54RiGQpamVHYN7vg.jpg"},{"cast_id":285,"character":"Venice Local (uncredited)","credit_id":"5d1fbb11cae17c4daf3285cf","gender":0,"id":2355263,"name":"Vincent Frattini","order":121,"profile_path":null},{"cast_id":286,"character":"Tourist in Venice (uncredited)","credit_id":"5d1fbb1c94d8a849843ec460","gender":0,"id":2355264,"name":"Ferroz Fernandez","order":122,"profile_path":null},{"cast_id":287,"character":"Tourist in Venice (uncredited)","credit_id":"5d1fbb2815c6361729f3ab49","gender":0,"id":2355265,"name":"Ria Fend","order":123,"profile_path":null},{"cast_id":288,"character":"Mexican Survivor (uncredited)","credit_id":"5d1fbb3a15c6361729f3ab5a","gender":0,"id":2251712,"name":"Charlie Rhea Esquér","order":124,"profile_path":null},{"cast_id":289,"character":"Courier (uncredited)","credit_id":"5d1fbb4615c6361729f3ab80","gender":2,"id":1743582,"name":"Andrew Dunkelberger","order":125,"profile_path":null},{"cast_id":290,"character":"Passerby (uncredited)","credit_id":"5d1fbba215c6361729f3ac9d","gender":0,"id":2355266,"name":"Kristianne-Kaith Domingo","order":126,"profile_path":null},{"cast_id":291,"character":"Guy Staring at Spider-Man (uncredited)","credit_id":"5d1fbbb015c636099ef3541a","gender":0,"id":2355267,"name":"Leonys Delossantos","order":127,"profile_path":null},{"cast_id":292,"character":"Tourist in Venice (uncredited)","credit_id":"5d1fbbbd94d8a8049a3f2540","gender":0,"id":1236892,"name":"Peter Dawson","order":128,"profile_path":null},{"cast_id":293,"character":"ourist (uncredited)","credit_id":"5d1fbbc955b0c07f3b71378d","gender":0,"id":1977241,"name":"Jaylen Davis","order":129,"profile_path":null},{"cast_id":294,"character":"Police Officer (uncredited)","credit_id":"5d1fbbd70328b9000fd8850f","gender":0,"id":1942136,"name":"Kevin Daigneault","order":130,"profile_path":null},{"cast_id":295,"character":"Local Venetian (uncredited)","credit_id":"5d1fbbe2cae17c001132a667","gender":0,"id":2355268,"name":"Tiziana Coste","order":131,"profile_path":null},{"cast_id":296,"character":"Yearbook Student (uncredited)","credit_id":"5d1fbbee55b0c0678f6eeb0a","gender":2,"id":1997436,"name":"Sean Coleman","order":132,"profile_path":"/5MkyS66PRYtz7euSzXRpeACx13o.jpg"},{"cast_id":297,"character":"Passerby (uncredited)","credit_id":"5d1fbbf755b0c0638e6cc39b","gender":0,"id":2355269,"name":"Victoria Coburn","order":133,"profile_path":null},{"cast_id":298,"character":"London Tourist (uncredited)","credit_id":"5d1fbd3f15c636099ef357da","gender":0,"id":2355270,"name":"Shafali Rani Chung","order":134,"profile_path":null},{"cast_id":299,"character":"High School Student (uncredited)","credit_id":"5d1fbd4a55b0c0638e6cc6c5","gender":0,"id":2355272,"name":"Sam Chuck","order":135,"profile_path":null},{"cast_id":300,"character":"Passport Clerk (uncredited)","credit_id":"5d1fbd56cae17c001032b164","gender":1,"id":157990,"name":"Daphne Cheung","order":136,"profile_path":"/vsXomv8E7Erhw3UUQeObbJXcTqO.jpg"},{"cast_id":301,"character":"High School Student Boom Operator (uncredited)","credit_id":"5d1fbd6dcae17c001032b18c","gender":0,"id":2355273,"name":"Komal Charania","order":137,"profile_path":null},{"cast_id":302,"character":"Airport Traveler (uncredited)","credit_id":"5d1fbdac0328b92ecfd81ef1","gender":0,"id":2355274,"name":"Jake Cerny","order":138,"profile_path":null},{"cast_id":303,"character":"American Reporter (uncredited)","credit_id":"5d1fbdbccae17c001032b218","gender":0,"id":2355275,"name":"Dian Cathal","order":139,"profile_path":null},{"cast_id":304,"character":"Austrian Backpacker (uncredited)","credit_id":"5d1fbdc8cae17c001032b234","gender":1,"id":5311,"name":"Hélène Cardona","order":140,"profile_path":"/9Am8lqQ5yUrGrlpYdOjp4p4iLwb.jpg"},{"cast_id":305,"character":"Victoria's Crew (uncredited)","credit_id":"5d1fbdd894d8a87d343cdfbf","gender":0,"id":2218474,"name":"Darren Lee Campbell","order":141,"profile_path":null},{"cast_id":306,"character":"Midtown High Student (uncredited)","credit_id":"5d1fbde315c63669bdf48465","gender":0,"id":2355276,"name":"Eric Patrick Cameron","order":142,"profile_path":null},{"cast_id":307,"character":"Venetian Fish Stall Owner (uncredited)","credit_id":"5d1fbded55b0c0678f6ef01f","gender":0,"id":2355277,"name":"Gianni Calchetti","order":143,"profile_path":null},{"cast_id":308,"character":"Mob Boss (uncredited)","credit_id":"5d1fbdf8cae17c001132ac8c","gender":0,"id":2355278,"name":"Sokol Cahani","order":144,"profile_path":null},{"cast_id":309,"character":"Post Office Customer (uncredited)","credit_id":"5d1fbe0255b0c01c3571fbb4","gender":0,"id":2355279,"name":"Ken Byrd","order":145,"profile_path":null},{"cast_id":310,"character":"London Passerby (uncredited)","credit_id":"5d1fbe110328b90010d88673","gender":0,"id":2142931,"name":"Graham Burton","order":146,"profile_path":null},{"cast_id":311,"character":"High School Student (uncredited)","credit_id":"5d1fbe4bcae17c001032b2e8","gender":0,"id":1842698,"name":"Dante Brattelli","order":147,"profile_path":null},{"cast_id":312,"character":"Poliziotto (uncredited)","credit_id":"5d1fbea6cae17c4daf328d7d","gender":0,"id":2355280,"name":"Paolo Braghetto","order":148,"profile_path":null},{"cast_id":313,"character":"Italian Builder in Venice (uncredited)","credit_id":"5d1fbeb415c6367600f32db5","gender":0,"id":2355281,"name":"Luigi Boccanfuso","order":149,"profile_path":null},{"cast_id":314,"character":"Mob Boss (uncredited)","credit_id":"5d1fbec9cae17c001032b4c8","gender":2,"id":27401,"name":"Bruno Bilotta","order":150,"profile_path":"/2vF1hUDvNivRToIDIoMNO0MZw9v.jpg"},{"cast_id":315,"character":"High School Student (uncredited)","credit_id":"5d1fbed6cae17c001132aeab","gender":0,"id":2355282,"name":"Avondre E.D. Beverley","order":151,"profile_path":null},{"cast_id":316,"character":"Venice Fish Seller (uncredited)","credit_id":"5d1fbee494d8a831164336ec","gender":0,"id":2355283,"name":"Pierre Bergman","order":152,"profile_path":null},{"cast_id":317,"character":"Shop Owner in Venice (uncredited","credit_id":"5d1fbef4cae17c4daf328e00","gender":0,"id":2355284,"name":"Anna Benamati","order":153,"profile_path":null},{"cast_id":318,"character":"Police Officer (uncredited)","credit_id":"5d1fbf0155b0c0678f6ef28a","gender":0,"id":2355285,"name":"Tuwaine Barrett","order":154,"profile_path":null},{"cast_id":319,"character":"Queens Reporter (uncredited)","credit_id":"5d1fbf180328b90010d8883a","gender":0,"id":135567,"name":"Blair Barnette","order":155,"profile_path":null},{"cast_id":320,"character":"Mob Boss (uncredited)","credit_id":"5d1fbf29cae17c001132af69","gender":0,"id":1397434,"name":"Peter Bankolé","order":156,"profile_path":null},{"cast_id":321,"character":"Dutch Lady (uncredited)","credit_id":"5d1fbf3394d8a87d343ce3f6","gender":0,"id":1585158,"name":"Sitara Attaie","order":157,"profile_path":"/7S7FZfOOeCf6uyUSdWlABjBRcFs.jpg"},{"cast_id":322,"character":"Airplane Pilot (uncredited)","credit_id":"5d1fbf3dcae17c001032b5a3","gender":0,"id":1585749,"name":"Peter Arpesella","order":158,"profile_path":null},{"cast_id":323,"character":"Midtown High Student (uncredited)","credit_id":"5d1fbf5694d8a849843ecd13","gender":0,"id":2355286,"name":"Vincent Angel","order":159,"profile_path":null},{"cast_id":324,"character":"Police Officer (uncredited)","credit_id":"5d1fbf6755b0c052f169a481","gender":0,"id":2355287,"name":"Kristen Alminta","order":160,"profile_path":null},{"cast_id":325,"character":"Tourist in Venice (uncredited)","credit_id":"5d1fbf7255b0c052f169a497","gender":0,"id":1530436,"name":"Maria Alexandrova","order":161,"profile_path":null},{"cast_id":326,"character":"High School Reporter (uncredited)","credit_id":"5d1fbf8915c6361729f3b4db","gender":0,"id":1872611,"name":"Shari Abdul","order":162,"profile_path":null}],"crew":[{"credit_id":"5d1fb4490328b90010d87368","department":"Directing","gender":2,"id":1293994,"job":"Director","name":"Jon Watts","profile_path":"/5CKKBhuScdsHs2KPBBx5pveMOQQ.jpg"},{"credit_id":"5d1fb46015c6361a02f472c0","department":"Writing","gender":2,"id":1246890,"job":"Writer","name":"Chris McKenna","profile_path":"/nofhk8pYAKN5EqiTPdINybxsken.jpg"},{"credit_id":"5d1fb46b0328b9000fd876fe","department":"Writing","gender":2,"id":1350918,"job":"Screenplay","name":"Erik Sommers","profile_path":null},{"credit_id":"5d1fb47594d8a8049a3f165c","department":"Writing","gender":2,"id":7624,"job":"Comic Book","name":"Stan Lee","profile_path":"/dTr2gJPL7jELKVkcjtoNx80uVKR.jpg"},{"credit_id":"5d1fb483cae17c001032a01b","department":"Writing","gender":2,"id":7625,"job":"Comic Book","name":"Steve Ditko","profile_path":"/pdKXvMPcHgSC2947apMa4gQwahT.jpg"},{"credit_id":"5d21296ff794ad00118d330a","department":"Sound","gender":2,"id":15347,"job":"Music","name":"Michael Giacchino","profile_path":"/2YW8sSVvRhCwiQmsFCgtFsGkbv8.jpg"},{"credit_id":"5d2129856d4c97000f740f61","department":"Crew","gender":0,"id":1094152,"job":"Cinematography","name":"Matthew J. Lloyd","profile_path":null},{"credit_id":"5d21299394d8a8498441b164","department":"Editing","gender":0,"id":1204244,"job":"Editor","name":"Leigh Folsom Boyd","profile_path":"/twDY2v2jGPc5d8KBNb2wzuDr1I0.jpg"},{"credit_id":"5d2129a115c6364f5bf3eb28","department":"Editing","gender":2,"id":11455,"job":"Editor","name":"Dan Lebental","profile_path":"/kG4N93eMa6fzkJjBsRPQXUcGQlg.jpg"},{"credit_id":"5d212a12f794ad00108d3c47","department":"Production","gender":2,"id":10850,"job":"Producer","name":"Kevin Feige","profile_path":"/kCBqXZ5PT5udYGEj2wfTSFbLMvT.jpg"},{"credit_id":"5d212a2294d8a87d343fb98f","department":"Production","gender":1,"id":1425616,"job":"Producer","name":"Amy Pascal","profile_path":"/texxoBV4naFHyuSii6jyxlfuEvK.jpg"},{"credit_id":"5d232d1d94d8a87c123d02d1","department":"Production","gender":2,"id":977941,"job":"Executive Producer","name":"Matt Tolmach","profile_path":"/8mniHJVwoJdVpwxW278yJwz8c1T.jpg"},{"credit_id":"5d232d316d4c9739167733ec","department":"Production","gender":2,"id":58190,"job":"Executive Producer","name":"Thomas M. Hammel","profile_path":null},{"credit_id":"5d232d3e6d4c972736748dd3","department":"Production","gender":2,"id":57027,"job":"Executive Producer","name":"Louis D'Esposito","profile_path":"/pNvtXPy8kil9WWFtySahnNbvc3R.jpg"},{"credit_id":"5d232d4c6d4c97000d78668b","department":"Production","gender":2,"id":1643142,"job":"Executive Producer","name":"Eric Hauserman Carroll","profile_path":"/6rswcsUV6vrAgx0hM5pOpnhlaQl.jpg"},{"credit_id":"5d232d5b15c6367adcf98cac","department":"Production","gender":2,"id":7626,"job":"Executive Producer","name":"Avi Arad","profile_path":"/kIG4HF5LSywU0ZdDheDaEsxxohu.jpg"},{"credit_id":"5d232d6aef4889000feacd77","department":"Production","gender":0,"id":113674,"job":"Executive Producer","name":"Victoria Alonso","profile_path":"/xF7Qe1tqgk9KtY8kThKHBWhMqxc.jpg"},{"credit_id":"5d232d7d6d4c973916773480","department":"Production","gender":2,"id":7624,"job":"Executive Producer","name":"Stan Lee","profile_path":"/dTr2gJPL7jELKVkcjtoNx80uVKR.jpg"},{"credit_id":"5d232d8aaf95900011faaf00","department":"Production","gender":0,"id":4854,"job":"Co-Producer","name":"David Minkowski","profile_path":null},{"credit_id":"5d232d9715c6367adcf98d64","department":"Production","gender":0,"id":4856,"job":"Co-Producer","name":"Matthew Stillman","profile_path":null}]}}